Model,Recall,Precision,F1,ROC-AUC
Logistic Regression (balanced),0.6303854875283447,0.1525795828759605,0.24569155987627045,0.6806705134345908
Random Forest + SMOTE,0.08163265306122448,0.1651376146788991,0.10925644916540213,0.6392986089661425
XGBoost + SMOTE,0.9591836734693877,0.09931908898802536,0.18,0.6514989413181372
